﻿designator,quantity,value,pack,mpn,mount_type
A1,1,Arduino_Nano_Every,Arduino_Nano,,tht
"C1, C2, C3, C4, C5, C6",6,10μ,C_Disc_D3.0mm_W1.6mm_P2.50mm,,tht
"C10, C7, C8, C9",4,C,C_Disc_D3.0mm_W1.6mm_P2.50mm,,tht
"D1, D2, D3",3,LED,LED_D3.0mm,,tht
D4,1,D,D_DO-35_SOD27_P7.62mm_Horizontal,,tht
"J3, J4",2,Conn_01x03,PinHeader_1x03_P2.54mm_Vertical,,tht
"MD1, MD2",2,~,BA6222,,tht
"R1, R2, R3",3,R,R_Axial_DIN0207_L6.3mm_D2.5mm_P7.62mm_Horizontal,,tht
U1,1,IM920sL,IM920c-ADP_1,,tht
U2,1,LM7805_TO220,TO-220-3_Vertical,,tht
