﻿pos_x,pos_y,rotation,side,designator,mpn,pack,value,mount_type,place
122.05,-72.39,-90.0,top,A1,,Arduino_Nano,Arduino_Nano_Every,tht,True
89.0,-91.0,-90.0,top,C1,,C_Disc_D3.0mm_W1.6mm_P2.50mm,10μ,tht,True
98.5,-116.0,0.0,top,C10,,C_Disc_D3.0mm_W1.6mm_P2.50mm,C,tht,True
134.588652,-96.21792,-90.0,top,C2,,C_Disc_D3.0mm_W1.6mm_P2.50mm,10μ,tht,True
153.664332,-117.08739,-90.0,top,C3,,C_Disc_D3.0mm_W1.6mm_P2.50mm,10μ,tht,True
127.475,-113.5,0.0,top,C4,,C_Disc_D3.0mm_W1.6mm_P2.50mm,10μ,tht,True
131.0,-110.0,90.0,top,C5,,C_Disc_D3.0mm_W1.6mm_P2.50mm,10μ,tht,True
145.91396,-111.89896,-90.0,top,C6,,C_Disc_D3.0mm_W1.6mm_P2.50mm,10μ,tht,True
118.5,-100.0,0.0,top,C7,,C_Disc_D3.0mm_W1.6mm_P2.50mm,C,tht,True
110.5,-115.0,180.0,top,C8,,C_Disc_D3.0mm_W1.6mm_P2.50mm,C,tht,True
97.0,-97.5,90.0,top,C9,,C_Disc_D3.0mm_W1.6mm_P2.50mm,C,tht,True
170.0,-112.0,180.0,top,D1,,LED_D3.0mm,LED,tht,True
170.202161,-99.196457,180.0,top,D2,,LED_D3.0mm,LED,tht,True
170.097255,-105.45775,180.0,top,D3,,LED_D3.0mm,LED,tht,True
141.91396,-119.70896,90.0,top,D4,,D_DO-35_SOD27_P7.62mm_Horizontal,D,tht,True
142.475,-123.0,90.0,top,J3,,PinHeader_1x03_P2.54mm_Vertical,Conn_01x03,tht,True
127.395,-123.0,90.0,top,J4,,PinHeader_1x03_P2.54mm_Vertical,Conn_01x03,tht,True
114.944037,-92.307855,0.0,top,MD1,,BA6222,~,tht,True
93.0,-92.22,0.0,top,MD2,,BA6222,~,tht,True
141.981387,-101.0,90.0,top,R1,,R_Axial_DIN0207_L6.3mm_D2.5mm_P7.62mm_Horizontal,R,tht,True
154.981387,-101.0,90.0,top,R2,,R_Axial_DIN0207_L6.3mm_D2.5mm_P7.62mm_Horizontal,R,tht,True
147.981387,-98.2,90.0,top,R3,,R_Axial_DIN0207_L6.3mm_D2.5mm_P7.62mm_Horizontal,R,tht,True
148.981387,-85.245,0.0,top,U1,,IM920c-ADP_1,IM920sL,tht,True
136.91396,-117.97896,90.0,top,U2,,TO-220-3_Vertical,LM7805_TO220,tht,True
